Model,LogLikelihood,AIC,Parameters
Lognormal,-199.99221209349608,403.98442418699216,"shape=1.2207, scale=18.6695"
Pareto,-220.03658605229018,444.07317210458035,"shape=0.3417, scale=1.0000"
