Metric,Value
Top3_Share,0.30787878787878786
Gini,0.4646734006734008
