Model,LogLikelihood,AIC,Parameters
Lognormal,-186.9561547532286,377.9123095064572,"shape=1.1463, scale=14.7842"
Pareto,-206.11463785176093,416.22927570352186,"shape=0.3713, scale=1.0000"
