Model,LogLikelihood,AIC,Parameters
Lognormal,-302.9567776802908,609.9135553605817,"shape=1.2249, scale=5.1338"
Pareto,-290.9036211294467,585.8072422588934,"shape=0.6113, scale=1.0000"
