Metric,Value
Top3_Share,0.30742857142857144
Gini,0.46420317460317473
