Model,LogLikelihood,AIC,Parameters
Lognormal,-207.0635140068424,418.1270280136848,"shape=1.2994, scale=18.5519"
Pareto,-224.65598145221477,453.31196290442955,"shape=0.3424, scale=1.0000"
