Model,LogLikelihood,AIC,Parameters
Lognormal,-198.30176738718257,400.60353477436513,"shape=1.2077, scale=18.1592"
Pareto,-218.39860910087046,440.7972182017409,"shape=0.3449, scale=1.0000"
