Metric,Value
Top3_Share,0.10461538461538461
Gini,0.4362207357859531
