Metric,Value
Top3_Share,0.10555555555555556
Gini,0.4547431302270013
