Metric,Value
Top3_Share,0.3008888888888889
Gini,0.49224074074074076
