Model,LogLikelihood,AIC,Parameters
Lognormal,-212.49154115376703,428.98308230753406,"shape=1.2671, scale=21.4633"
Pareto,-233.40749288020368,470.81498576040735,"shape=0.3261, scale=1.0000"
