Metric,Value
Top3_Share,0.10666666666666667
Gini,0.4016858237547891
