Model,LogLikelihood,AIC,Parameters
Lognormal,-251.25421894416274,506.5084378883255,"shape=1.0367, scale=4.0558"
Pareto,-240.8327112355067,485.6654224710134,"shape=0.7142, scale=1.0000"
