Model,LogLikelihood,AIC,Parameters
Lognormal,-189.10833392234534,382.2166678446907,"shape=1.1634, scale=15.2964"
Pareto,-208.16613680600685,420.3322736120137,"shape=0.3666, scale=1.0000"
