Metric,Value
Top3_Share,0.3018181818181818
Gini,0.4423140495867768
