Model,LogLikelihood,AIC,Parameters
Lognormal,-236.46720420218816,476.9344084043763,"shape=1.4756, scale=22.6094"
Pareto,-252.27238092291327,508.54476184582654,"shape=0.3207, scale=1.0000"
