Model,LogLikelihood,AIC,Parameters
Lognormal,-209.63217836040553,423.26435672081107,"shape=1.2667, scale=20.1483"
Pareto,-229.62482171042365,463.2496434208473,"shape=0.3330, scale=1.0000"
