Model,LogLikelihood,AIC,Parameters
Lognormal,-194.78275586976318,393.56551173952636,"shape=1.1859, scale=17.0721"
Pareto,-214.73547351045912,433.47094702091823,"shape=0.3524, scale=1.0000"
