Model,LogLikelihood,AIC,Parameters
Lognormal,-229.6150037409801,463.2300074819602,"shape=0.9706, scale=3.4910"
Pareto,-215.191071480603,434.382142961206,"shape=0.7999, scale=1.0000"
