Metric,Value
Top3_Share,0.3096774193548387
Gini,0.4664086021505378
