Model,LogLikelihood,AIC,Parameters
Lognormal,-196.54213036903744,397.0842607380749,"shape=1.1944, scale=17.6416"
Pareto,-216.68503092249784,437.3700618449957,"shape=0.3484, scale=1.0000"
