Metric,Value
Top3_Share,0.30857142857142855
Gini,0.4530194805194805
