Metric,Value
Top3_Share,0.3023255813953488
Gini,0.4729221435793729
