Model,LogLikelihood,AIC,Parameters
Lognormal,-308.53353407065623,621.0670681413125,"shape=1.2500, scale=5.3414"
Pareto,-296.8192380188888,597.6384760377777,"shape=0.5968, scale=1.0000"
