Metric,Value
Top3_Share,0.30875
Gini,0.46544444444444455
