Metric,Value
Top3_Share,0.10470588235294118
Gini,0.45257432005060094
