Metric,Value
Top3_Share,0.30722222222222223
Gini,0.46437037037037054
