Metric,Value
Top3_Share,0.3074074074074074
Gini,0.4513468013468014
