Metric,Value
Top3_Share,0.10428571428571429
Gini,0.44037267080745335
