Model,LogLikelihood,AIC,Parameters
Lognormal,-226.9789821455612,457.9579642911224,"shape=1.3761, scale=24.4379"
Pareto,-246.47151272113757,496.94302544227514,"shape=0.3129, scale=1.0000"
