Model,LogLikelihood,AIC,Parameters
Lognormal,-318.59529842631326,641.1905968526265,"shape=1.2917, scale=5.7597"
Pareto,-307.9238941040638,619.8477882081276,"shape=0.5711, scale=1.0000"
