Model,LogLikelihood,AIC,Parameters
Lognormal,-241.6646573740778,487.3293147481556,"shape=1.0046, scale=3.7534"
Pareto,-229.00442503823518,462.00885007647037,"shape=0.7560, scale=1.0000"
