Metric,Value
Top3_Share,0.3026086956521739
Gini,0.4447035573122531
