Metric,Value
Top3_Share,0.10761904761904761
Gini,0.46011264720942147
