Metric,Value
Top3_Share,0.30615384615384617
Gini,0.44965034965034967
