Model,LogLikelihood,AIC,Parameters
Lognormal,-266.6718479474743,537.3436958949486,"shape=1.0911, scale=4.0249"
Pareto,-250.56944078205987,505.13888156411974,"shape=0.7181, scale=1.0000"
