Model,LogLikelihood,AIC,Parameters
Lognormal,-224.8939776347207,453.7879552694414,"shape=0.9526, scale=3.5801"
Pareto,-214.0855619800518,432.1711239601036,"shape=0.7841, scale=1.0000"
