Model,LogLikelihood,AIC,Parameters
Lognormal,-282.0989186511049,568.1978373022098,"shape=1.1440, scale=4.5395"
Pareto,-269.2651658160625,542.530331632125,"shape=0.6610, scale=1.0000"
