Model,LogLikelihood,AIC,Parameters
Lognormal,-184.72228827701227,373.44457655402454,"shape=1.1278, scale=14.2819"
Pareto,-204.02555269675344,412.0511053935069,"shape=0.3761, scale=1.0000"
