Model,LogLikelihood,AIC,Parameters
Lognormal,-313.71948922771895,631.4389784554379,"shape=1.2668, scale=5.5726"
Pareto,-303.0819681564854,610.1639363129708,"shape=0.5821, scale=1.0000"
