Model,LogLikelihood,AIC,Parameters
Lognormal,-323.1674643596219,650.3349287192437,"shape=1.3157, scale=5.9396"
Pareto,-312.4041063164673,628.8082126329346,"shape=0.5613, scale=1.0000"
