Metric,Value
Top3_Share,0.10631578947368421
Gini,0.4562308998302207
