Model,LogLikelihood,AIC,Parameters
Lognormal,-213.88614974367212,431.77229948734424,"shape=1.2711, scale=22.0701"
Pareto,-235.0691670582387,474.1383341164774,"shape=0.3232, scale=1.0000"
