Model,LogLikelihood,AIC,Parameters
Lognormal,-213.5981391012973,431.1962782025946,"shape=0.9185, scale=3.3498"
Pareto,-201.4850126904548,406.9700253809096,"shape=0.8272, scale=1.0000"
