Metric,Value
Top3_Share,0.10545454545454545
Gini,0.41066115702479333
