Model,LogLikelihood,AIC,Parameters
Lognormal,-208.23645897490752,420.47291794981504,"shape=1.2743, scale=19.4164"
Pareto,-227.40175129818817,458.80350259637635,"shape=0.3371, scale=1.0000"
