Model,LogLikelihood,AIC,Parameters
Lognormal,-223.18837674318945,450.3767534863789,"shape=1.3544, scale=22.8655"
Pareto,-242.44503847105534,488.8900769421107,"shape=0.3195, scale=1.0000"
