Model,LogLikelihood,AIC,Parameters
Lognormal,-242.06915068145628,488.13830136291256,"shape=1.4049, scale=26.6872"
Pareto,-262.7185143936801,529.4370287873602,"shape=0.3045, scale=1.0000"
