Metric,Value
Top3_Share,0.09977324263038549
Gini,0.38121915432839804
