Metric,Value
Top3_Share,0.3096551724137931
Gini,0.4546394984326019
