Model,LogLikelihood,AIC,Parameters
Lognormal,-297.0375553820399,598.0751107640798,"shape=1.2036, scale=4.9022"
Pareto,-283.9502055380124,571.9004110760249,"shape=0.6291, scale=1.0000"
