Genre,Mean_Survival,Median_Survival,Spell_Count,Rank_Variance,Rank_Mean,Observations
Hindi Indie,14.619047619047619,23.0,21,230.3320772391474,21.706840390879478,307
Hindi Film,11.26923076923077,5.0,52,188.5650622793968,26.08703071672355,586
South Indian Film,11.0,9.0,6,147.70909090909092,31.727272727272727,66
Punjabi-Haryanvi Pop,8.35,4.5,20,215.7959021715604,26.59880239520958,167
International Pop/K-Pop,2.75,1.0,8,155.18831168831164,35.95454545454545,22
Devotional/Spiritual,1.0,1.0,2,220.5,23.5,2
