Genre,Mean_Survival,Median_Survival,Spell_Count,Rank_Variance,Rank_Mean,Observations
Hindi Indie,8.846153846153847,1.0,13,141.79527078565982,14.765217391304347,115
International Pop/K-Pop,8.0,8.0,2,170.92916666666665,33.4375,16
Punjabi-Haryanvi Pop,2.6666666666666665,1.0,9,144.9565217391304,37.0,24
Hindi Film,1.0,1.0,24,194.6793478260869,25.375,24
South Indian Film,1.0,1.0,3,124.0,29.0,3
