Genre,Mean_Survival,Median_Survival,Spell_Count,Rank_Variance,Rank_Mean,Observations
Hindi Indie,5.153846153846154,1.0,13,144.1298055178652,14.447761194029852,67
International Pop/K-Pop,4.5,4.5,2,199.99999999999997,28.333333333333332,9
Punjabi-Haryanvi Pop,2.125,1.0,8,165.99264705882354,33.64705882352941,17
Hindi Film,1.0,1.0,24,194.6793478260869,25.375,24
South Indian Film,1.0,1.0,3,124.0,29.0,3
