Genre,Mean_Survival,Median_Survival,Spell_Count,Rank_Variance,Rank_Mean,Observations
Hindi Indie,22.26923076923077,18.0,26,222.38378423603507,21.350604490500864,579
Hindi Film,17.693548387096776,5.0,62,178.21673076539238,26.182315405651778,1097
Punjabi-Haryanvi Pop,10.333333333333334,4.0,30,221.3741413508717,27.835483870967742,310
South Indian Film,10.083333333333334,5.5,12,203.9577134986226,32.02479338842975,121
International Pop/K-Pop,2.75,1.0,8,155.18831168831164,35.95454545454545,22
Devotional/Spiritual,1.0,1.0,4,187.58333333333334,32.75,4
