Genre,Mean_Survival,Median_Survival,Spell_Count,Rank_Variance,Rank_Mean,Observations
Hindi Indie,9.76923076923077,1.0,13,141.08661417322836,14.763779527559056,127
International Pop/K-Pop,8.0,8.0,2,170.92916666666665,33.4375,16
Punjabi-Haryanvi Pop,2.888888888888889,1.0,9,138.71538461538458,37.65384615384615,26
Hindi Film,1.0,1.0,24,194.6793478260869,25.375,24
South Indian Film,1.0,1.0,3,124.0,29.0,3
