Genre,Mean_Survival,Median_Survival,Spell_Count,Rank_Variance,Rank_Mean,Observations
Hindi Indie,15.608695652173912,23.0,23,226.13151055850358,21.54317548746518,359
Hindi Film,12.618181818181819,5.0,55,188.94992951333018,26.145533141210375,694
South Indian Film,10.714285714285714,6.0,7,167.37549549549547,31.946666666666665,75
Punjabi-Haryanvi Pop,8.565217391304348,4.0,23,210.99393970786284,26.751269035532996,197
International Pop/K-Pop,2.75,1.0,8,155.18831168831164,35.95454545454545,22
Devotional/Spiritual,1.0,1.0,3,224.33333333333331,29.666666666666668,3
