Genre,Mean_Survival,Median_Survival,Spell_Count,Rank_Variance,Rank_Mean,Observations
Hindi Indie,5.615384615384615,1.0,13,143.58675799086757,14.506849315068493,73
International Pop/K-Pop,5.0,5.0,2,178.3222222222222,28.1,10
Punjabi-Haryanvi Pop,2.25,1.0,8,162.18300653594773,34.22222222222222,18
Hindi Film,1.0,1.0,24,194.6793478260869,25.375,24
South Indian Film,1.0,1.0,3,124.0,29.0,3
