Genre,Mean_Survival,Median_Survival,Spell_Count,Rank_Variance,Rank_Mean,Observations
Hindi Indie,10.23076923076923,1.0,13,139.7813852813853,14.714285714285714,133
International Pop/K-Pop,8.0,8.0,2,170.92916666666665,33.4375,16
Punjabi-Haryanvi Pop,3.0,1.0,9,136.61538461538456,38.0,27
Hindi Film,1.0,1.0,24,194.6793478260869,25.375,24
South Indian Film,1.0,1.0,3,124.0,29.0,3
