Genre,Mean_Survival,Median_Survival,Spell_Count,Rank_Variance,Rank_Mean,Observations
Hindi Indie,17.166666666666668,18.5,24,223.9873857274467,21.42718446601942,412
Hindi Film,14.267857142857142,5.0,56,186.35742359653835,26.121401752190238,799
South Indian Film,10.5,5.5,8,179.53700516351114,31.928571428571427,84
Punjabi-Haryanvi Pop,8.807692307692308,4.0,26,216.89918026507314,27.17467248908297,229
International Pop/K-Pop,2.75,1.0,8,155.18831168831164,35.95454545454545,22
Devotional/Spiritual,1.0,1.0,3,224.33333333333331,29.666666666666668,3
