Genre,Mean_Survival,Median_Survival,Spell_Count,Rank_Variance,Rank_Mean,Observations
Hindi Indie,17.6,16.0,25,224.77438393042027,21.431818181818183,440
Hindi Film,14.637931034482758,5.0,58,184.74990277129595,26.11425206124853,849
South Indian Film,9.666666666666666,5.0,9,184.92809409248858,31.71264367816092,87
Punjabi-Haryanvi Pop,9.461538461538462,4.0,26,219.52442342790772,27.491869918699187,246
International Pop/K-Pop,2.75,1.0,8,155.18831168831164,35.95454545454545,22
Devotional/Spiritual,1.0,1.0,3,224.33333333333331,29.666666666666668,3
