Genre,Mean_Survival,Median_Survival,Spell_Count,Rank_Variance,Rank_Mean,Observations
Hindi Indie,7.923076923076923,1.0,13,142.35217970683422,14.737864077669903,103
International Pop/K-Pop,7.5,7.5,2,169.1238095238095,32.53333333333333,15
Punjabi-Haryanvi Pop,2.875,1.0,8,144.71541501976282,36.47826086956522,23
Hindi Film,1.0,1.0,24,194.6793478260869,25.375,24
South Indian Film,1.0,1.0,3,124.0,29.0,3
