Genre,Mean_Survival,Median_Survival,Spell_Count,Rank_Variance,Rank_Mean,Observations
Hindi Indie,18.68,17.0,25,224.72834547977678,21.41541755888651,467
Hindi Film,15.271186440677965,5.0,59,183.3480478480702,26.144284128745838,901
Punjabi-Haryanvi Pop,9.592592592592593,4.0,27,220.26449372961002,27.544401544401545,259
South Indian Film,9.3,4.0,10,190.37096774193543,31.903225806451612,93
International Pop/K-Pop,2.75,1.0,8,155.18831168831164,35.95454545454545,22
Devotional/Spiritual,1.0,1.0,3,224.33333333333331,29.666666666666668,3
