Genre,Mean_Survival,Median_Survival,Spell_Count,Rank_Variance,Rank_Mean,Observations
Hindi Indie,13.380952380952381,21.0,21,233.185587188612,21.768683274021353,281
Hindi Film,10.83673469387755,9.0,49,187.55222968411334,26.024482109227872,531
South Indian Film,10.0,8.0,6,139.84293785310732,31.566666666666666,60
Punjabi-Haryanvi Pop,8.105263157894736,4.0,19,217.96150581444692,26.66883116883117,154
International Pop/K-Pop,2.75,1.0,8,155.18831168831164,35.95454545454545,22
Devotional/Spiritual,1.0,1.0,2,220.5,23.5,2
