Genre,Mean_Survival,Median_Survival,Spell_Count,Rank_Variance,Rank_Mean,Observations
Hindi Indie,23.307692307692307,19.0,26,220.8176744947221,21.26732673267327,606
Hindi Film,18.43548387096774,5.0,62,176.1395366297255,26.127734033245844,1143
South Indian Film,10.583333333333334,5.5,12,207.50693663292085,31.968503937007874,127
Punjabi-Haryanvi Pop,10.419354838709678,4.0,31,222.91606253485372,28.009287925696594,323
International Pop/K-Pop,2.75,1.0,8,155.18831168831164,35.95454545454545,22
Devotional/Spiritual,1.0,1.0,5,151.2,34.2,5
