Genre,Mean_Survival,Median_Survival,Spell_Count,Rank_Variance,Rank_Mean,Observations
Hindi Indie,20.653846153846153,16.5,26,223.27099836015444,21.370577281191807,537
Hindi Film,16.81967213114754,5.0,61,180.48916749869286,26.21539961013645,1026
Punjabi-Haryanvi Pop,9.96551724137931,4.0,29,220.36469146482122,27.60553633217993,289
South Indian Film,9.909090909090908,6.0,11,198.34284743459054,31.834862385321102,109
International Pop/K-Pop,2.75,1.0,8,155.18831168831164,35.95454545454545,22
Devotional/Spiritual,1.0,1.0,4,187.58333333333334,32.75,4
