Genre,Mean_Survival,Median_Survival,Spell_Count,Rank_Variance,Rank_Mean,Observations
Hindi Indie,18.5,14.5,26,224.97122314622305,21.434511434511435,481
Hindi Film,15.711864406779661,5.0,59,182.96156579318338,26.169363538295578,927
Punjabi-Haryanvi Pop,9.814814814814815,4.0,27,220.2806460834763,27.524528301886793,265
South Indian Film,9.6,4.5,10,191.63508771929824,31.916666666666668,96
International Pop/K-Pop,2.75,1.0,8,155.18831168831164,35.95454545454545,22
Devotional/Spiritual,1.0,1.0,3,224.33333333333331,29.666666666666668,3
