Genre,Mean_Survival,Median_Survival,Spell_Count,Rank_Variance,Rank_Mean,Observations
Hindi Indie,16.73913043478261,23.0,23,224.93256222943725,21.48051948051948,385
Hindi Film,13.357142857142858,5.0,56,187.9928054463846,26.1524064171123,748
South Indian Film,10.0,4.5,8,172.96202531645565,32.0,80
Punjabi-Haryanvi Pop,8.833333333333334,4.0,24,213.2460654564965,26.900943396226417,212
International Pop/K-Pop,2.75,1.0,8,155.18831168831164,35.95454545454545,22
Devotional/Spiritual,1.0,1.0,3,224.33333333333331,29.666666666666668,3
