Genre,Mean_Survival,Median_Survival,Spell_Count,Rank_Variance,Rank_Mean,Observations
Hindi Indie,7.0,1.0,13,145.36874236874243,14.747252747252746,91
International Pop/K-Pop,6.5,6.5,2,157.75641025641025,30.384615384615383,13
Punjabi-Haryanvi Pop,2.625,1.0,8,152.8904761904762,35.76190476190476,21
Hindi Film,1.0,1.0,24,194.6793478260869,25.375,24
South Indian Film,1.0,1.0,3,124.0,29.0,3
