Genre,Mean_Survival,Median_Survival,Spell_Count,Rank_Variance,Rank_Mean,Observations
Hindi Indie,14.0,22.0,21,231.7486475818994,21.741496598639454,294
Hindi Film,10.96078431372549,5.0,51,188.3384307615366,26.075134168157422,559
South Indian Film,10.5,8.5,6,143.05273937532002,31.58730158730159,63
Punjabi-Haryanvi Pop,8.421052631578947,5.0,19,216.70927672955966,26.5875,160
International Pop/K-Pop,2.75,1.0,8,155.18831168831164,35.95454545454545,22
Devotional/Spiritual,1.0,1.0,2,220.5,23.5,2
