Genre,Mean_Survival,Median_Survival,Spell_Count,Rank_Variance,Rank_Mean,Observations
Hindi Indie,17.04,15.0,25,224.73156034244684,21.438967136150236,426
Hindi Film,14.456140350877194,5.0,57,185.74787805683692,26.112864077669904,824
South Indian Film,10.625,5.5,8,181.6148459383753,31.705882352941178,85
Punjabi-Haryanvi Pop,9.153846153846153,4.0,26,218.09055774208417,27.369747899159663,238
International Pop/K-Pop,2.75,1.0,8,155.18831168831164,35.95454545454545,22
Devotional/Spiritual,1.0,1.0,3,224.33333333333331,29.666666666666668,3
