Genre,Mean_Survival,Median_Survival,Spell_Count,Rank_Variance,Rank_Mean,Observations
Hindi Indie,8.384615384615385,1.0,13,142.27590893645942,14.761467889908257,109
International Pop/K-Pop,8.0,8.0,2,170.92916666666665,33.4375,16
Punjabi-Haryanvi Pop,2.875,1.0,8,144.71541501976282,36.47826086956522,23
Hindi Film,1.0,1.0,24,194.6793478260869,25.375,24
South Indian Film,1.0,1.0,3,124.0,29.0,3
