Genre,Mean_Survival,Median_Survival,Spell_Count,Rank_Variance,Rank_Mean,Observations
Hindi Indie,9.307692307692308,1.0,13,141.8652892561984,14.793388429752065,121
International Pop/K-Pop,8.0,8.0,2,170.92916666666665,33.4375,16
Punjabi-Haryanvi Pop,2.7777777777777777,1.0,9,142.1566666666666,37.36,25
Hindi Film,1.0,1.0,24,194.6793478260869,25.375,24
South Indian Film,1.0,1.0,3,124.0,29.0,3
