Genre,Mean_Survival,Median_Survival,Spell_Count,Rank_Variance,Rank_Mean,Observations
Hindi Indie,6.538461538461538,1.0,13,145.29075630252103,14.68235294117647,85
International Pop/K-Pop,6.0,6.0,2,156.4242424242424,29.333333333333332,12
Punjabi-Haryanvi Pop,2.5,1.0,8,157.18684210526317,35.35,20
Hindi Film,1.0,1.0,24,194.6793478260869,25.375,24
South Indian Film,1.0,1.0,3,124.0,29.0,3
