Genre,Mean_Survival,Median_Survival,Spell_Count,Rank_Variance,Rank_Mean,Observations
Hindi Indie,15.681818181818182,24.5,22,225.0698854061341,21.47536231884058,345
Hindi Film,12.351851851851851,5.0,54,189.34668701685203,26.14542728635682,667
South Indian Film,12.166666666666666,9.5,6,162.99923896499237,31.972602739726028,73
Punjabi-Haryanvi Pop,8.26086956521739,4.0,23,211.9614592035644,26.778947368421054,190
International Pop/K-Pop,2.75,1.0,8,155.18831168831164,35.95454545454545,22
Devotional/Spiritual,1.0,1.0,3,224.33333333333331,29.666666666666668,3
