Genre,Mean_Survival,Median_Survival,Spell_Count,Rank_Variance,Rank_Mean,Observations
Hindi Indie,4.6923076923076925,1.0,13,143.40546448087431,14.37704918032787,61
International Pop/K-Pop,4.0,4.0,2,228.49999999999997,28.25,8
Punjabi-Haryanvi Pop,2.0,1.0,8,166.25,32.875,16
Hindi Film,1.0,1.0,24,194.6793478260869,25.375,24
South Indian Film,1.0,1.0,3,124.0,29.0,3
