Genre,Mean_Survival,Median_Survival,Spell_Count,Rank_Variance,Rank_Mean,Observations
Hindi Indie,6.076923076923077,1.0,13,143.22427783187277,14.556962025316455,79
International Pop/K-Pop,5.5,5.5,2,161.87272727272725,28.454545454545453,11
Punjabi-Haryanvi Pop,2.375,1.0,8,160.47368421052633,34.8421052631579,19
Hindi Film,1.0,1.0,24,194.6793478260869,25.375,24
South Indian Film,1.0,1.0,3,124.0,29.0,3
