Duration,At_Risk,Events,Censored,Survival_Probability
1,118,16,44,0.864406779661017
2,58,1,3,0.8495032144944477
3,54,3,2,0.8023085914669783
4,49,3,1,0.7531876572955307
5,45,4,2,0.6862376433137057
8,39,0,39,0.6862376433137057
