Duration,At_Risk,Events,Censored,Survival_Probability
1,160,63,4,0.60625
2,93,1,38,0.5997311827956989
3,54,4,0,0.5553066507367582
4,50,6,0,0.4886698526483472
5,44,4,1,0.4442453205894066
7,39,32,0,0.07973633959297043
10,7,0,7,0.07973633959297043
