Duration,At_Risk,Events,Censored,Survival_Probability
1,168,66,4,0.6071428571428572
2,98,4,3,0.5823615160349854
3,91,6,1,0.5439640534392721
4,84,6,34,0.5051094781936099
5,44,4,0,0.4591904347214635
7,40,32,1,0.09183808694429267
12,7,0,7,0.09183808694429267
