Duration,At_Risk,Events,Censored,Survival_Probability
1,180,70,2,0.6111111111111112
2,108,6,2,0.5771604938271605
3,100,8,0,0.5309876543209877
4,92,6,3,0.4963580246913581
5,83,4,0,0.4724371560315336
7,79,32,0,0.2810702067529377
8,47,0,1,0.2810702067529377
9,46,2,3,0.26884976298107083
11,41,0,33,0.26884976298107083
12,8,1,0,0.23524354260843697
16,7,1,0,0.20163732223580313
19,6,0,6,0.20163732223580313
