Duration,At_Risk,Events,Censored,Survival_Probability
1,156,60,41,0.6153846153846154
2,55,1,0,0.6041958041958042
3,54,4,0,0.5594405594405595
4,50,5,2,0.5034965034965035
5,43,4,0,0.4566596194503172
7,39,32,0,0.08196454708082618
9,7,0,7,0.08196454708082618
