Duration,At_Risk,Events,Censored,Survival_Probability
1,164,65,4,0.6036585365853658
2,95,3,2,0.5845956354300385
3,90,4,36,0.5586136071887035
4,50,6,0,0.49157997432605904
5,44,4,0,0.44689088575096275
6,40,0,1,0.44689088575096275
7,39,32,0,0.08021118462196769
11,7,0,7,0.08021118462196769
