Duration,At_Risk,Events,Censored,Survival_Probability
1,183,71,2,0.6120218579234973
2,110,6,1,0.5786388474913066
3,103,8,1,0.5336960243851857
4,94,6,2,0.4996303207010249
5,86,6,0,0.4647723913497906
6,80,0,1,0.4647723913497906
7,79,32,0,0.2765101568789894
9,47,2,0,0.26474376722456433
10,45,0,1,0.26474376722456433
11,44,0,3,0.26474376722456433
12,41,1,0,0.25828660217030663
13,40,0,33,0.25828660217030663
16,7,1,0,0.22138851614597713
21,6,0,6,0.22138851614597713
