Duration,At_Risk,Events,Censored,Survival_Probability
1,175,70,3,0.6
2,102,5,0,0.5705882352941176
3,97,8,0,0.5235294117647058
4,89,6,0,0.488235294117647
5,83,4,1,0.4647058823529411
6,78,0,3,0.4647058823529411
7,75,32,1,0.2664313725490195
8,42,0,34,0.2664313725490195
11,8,0,1,0.2664313725490195
16,7,0,7,0.2664313725490195
