Duration,At_Risk,Events,Censored,Survival_Probability
1,176,70,1,0.6022727272727273
2,105,5,3,0.5735930735930735
3,97,8,0,0.526286428348284
4,89,6,0,0.49080644441469184
5,83,4,0,0.467153121792297
6,79,0,1,0.467153121792297
7,78,32,3,0.27550055900571363
8,43,0,1,0.27550055900571363
9,42,0,34,0.27550055900571363
12,8,0,1,0.27550055900571363
16,7,1,0,0.2361433362906117
17,6,0,6,0.2361433362906117
