Duration,At_Risk,Events,Censored,Survival_Probability
1,170,68,2,0.6
2,100,4,2,0.576
3,94,6,3,0.5392340425531914
4,85,6,1,0.5011704630788485
5,78,4,34,0.4754694136901896
7,40,32,0,0.0950938827380379
8,8,0,1,0.0950938827380379
13,7,0,7,0.0950938827380379
