Duration,At_Risk,Events,Censored,Survival_Probability
1,178,70,2,0.6067415730337078
2,106,5,1,0.5781216875132499
3,100,8,3,0.5318719525121899
4,89,6,0,0.49601541638777263
5,83,4,0,0.4721110589714944
7,79,32,1,0.28087619964126886
8,46,0,3,0.28087619964126886
9,43,1,1,0.27434419499844864
10,41,0,33,0.27434419499844864
12,8,1,0,0.24005117062364256
16,7,1,0,0.2057581462488365
18,6,0,6,0.2057581462488365
