Duration,At_Risk,Events,Censored,Survival_Probability
1,115,19,41,0.8347826086956522
2,55,1,0,0.819604743083004
3,54,4,2,0.7588932806324111
4,48,5,0,0.6798418972332017
5,43,4,0,0.6166007905138341
7,39,32,0,0.11067193675889332
8,7,0,7,0.11067193675889332
