Duration,At_Risk,Events,Censored,Survival_Probability
1,181,71,1,0.6077348066298343
2,109,6,1,0.57428151452177
3,102,8,2,0.5292398271082979
4,92,6,0,0.49472418620993064
5,86,4,3,0.47171375894435247
7,79,32,0,0.28063983127069075
9,47,2,1,0.2686977107910869
10,44,0,3,0.2686977107910869
12,41,1,33,0.26214410808886524
16,7,1,0,0.22469494979045593
20,6,0,6,0.22469494979045593
