Duration,At_Risk,Events,Censored,Survival_Probability
1,171,69,1,0.5964912280701755
2,101,4,1,0.5728678130970992
3,96,6,2,0.5370635747785305
4,88,6,3,0.5004456037709034
5,79,4,1,0.47510658585845256
6,74,0,34,0.47510658585845256
7,40,32,0,0.09502131717169049
9,8,0,1,0.09502131717169049
14,7,0,7,0.09502131717169049
