State,Top10,11-25,26-50,Exit
Top10,0.9307692307692308,0.06153846153846154,0.002564102564102564,0.005128205128205128
11-25,0.039316239316239315,0.8717948717948718,0.08717948717948718,0.0017094017094017094
26-50,0.0,0.050256410256410255,0.8584615384615385,0.09128205128205129
Exit,0.0,0.0,0.0,1.0
