State,Top10,11-25,26-50,Exit
Top10,0.9225806451612903,0.06774193548387097,0.0032258064516129032,0.0064516129032258064
11-25,0.043010752688172046,0.8602150537634409,0.09462365591397849,0.002150537634408602
26-50,0.0,0.05419354838709677,0.8490322580645161,0.0967741935483871
Exit,0.0,0.0,0.0,1.0
