State,Conditional_Stationary_Probability
Top10,0.19193123643794363
11-25,0.3109865801504134
26-50,0.4970821834116208
