State,Conditional_Stationary_Probability
Top10,0.18772085412027686
11-25,0.31103810703136453
26-50,0.5012410388483602
