State,Top10,11-25,26-50,Exit
Top10,0.93,0.055,0.005,0.01
11-25,0.03333333333333333,0.89,0.07333333333333333,0.0033333333333333335
26-50,0.0,0.04,0.856,0.104
Exit,0.0,0.0,0.0,1.0
