State,Conditional_Stationary_Probability
Top10,0.18846860774207538
11-25,0.3108484067112531
26-50,0.5006829855466643
