State,Expected_Steps_Before_Exit,Exit_Absorption_Probability
Top10,41.88520845231292,0.999999999999999
11-25,31.787835522558517,0.9999999999999996
26-50,17.213592233009702,1.0
