State,Conditional_Stationary_Probability
Top10,0.18335127212769636
11-25,0.3108892298532105
26-50,0.5057594980191039
