State,Top10,11-25,26-50,Exit
Top10,0.925,0.065625,0.003125,0.00625
11-25,0.041666666666666664,0.8625,0.09375,0.0020833333333333333
26-50,0.0,0.05375,0.85,0.09625
Exit,0.0,0.0,0.0,1.0
