State,Conditional_Stationary_Probability
Top10,0.1820504248242854
11-25,0.31102545216248245
26-50,0.5069241230132348
