State,Expected_Steps_Before_Exit,Exit_Absorption_Probability
Top10,40.74185836893056,1.000000000000001
11-25,31.064584394717276,1.0000000000000007
26-50,17.06195869420387,1.0
