State,Expected_Steps_Before_Exit,Exit_Absorption_Probability
Top10,42.25648213034339,1.0000000000000002
11-25,32.690960056061684,1.0000000000000004
26-50,18.079887876664337,1.0
