State,Conditional_Stationary_Probability
Top10,0.16914980863862963
11-25,0.3065199562602467
26-50,0.524330235101095
