State,Conditional_Stationary_Probability
Top10,0.18209496394912816
11-25,0.3111612394303829
26-50,0.5067437966204901
