State,Top10,11-25,26-50,Exit
Top10,0.9285714285714286,0.060714285714285714,0.0035714285714285713,0.007142857142857143
11-25,0.0380952380952381,0.8690476190476191,0.09047619047619047,0.002380952380952381
26-50,0.0,0.05142857142857143,0.85,0.09857142857142857
Exit,0.0,0.0,0.0,1.0
