State,Conditional_Stationary_Probability
Top10,0.18760659465605453
11-25,0.3108909282871756
26-50,0.5015024770567672
