State,Expected_Steps_Before_Exit,Exit_Absorption_Probability
Top10,40.21314312244125,1.0000000000000007
11-25,31.416241083864442,1.0000000000000004
26-50,16.20225383024523,1.0000000000000004
