State,Expected_Steps_Before_Exit,Exit_Absorption_Probability
Top10,40.47092288242735,1.000000000000001
11-25,31.890012642225052,1.0000000000000004
26-50,15.802781289506958,1.0
