State,Top10,11-25,26-50,Exit
Top10,0.9272727272727272,0.05909090909090909,0.004545454545454545,0.00909090909090909
11-25,0.03636363636363636,0.8818181818181818,0.07878787878787878,0.0030303030303030303
26-50,0.0,0.04363636363636364,0.8545454545454545,0.10181818181818182
Exit,0.0,0.0,0.0,1.0
