State,Expected_Steps_Before_Exit,Exit_Absorption_Probability
Top10,40.803049671292925,1.0
11-25,31.15869247626003,0.9999999999999994
26-50,17.074506939371798,0.9999999999999997
