State,Conditional_Stationary_Probability
Top10,0.1803086071134155
11-25,0.31076229981758985
26-50,0.5089290930689999
