State,Top10,11-25,26-50,Exit
Top10,0.9285714285714286,0.06285714285714286,0.002857142857142857,0.005714285714285714
11-25,0.04,0.8666666666666667,0.09142857142857143,0.0019047619047619048
26-50,0.0,0.052571428571428575,0.8548571428571429,0.09257142857142857
Exit,0.0,0.0,0.0,1.0
