State,Expected_Steps_Before_Exit,Exit_Absorption_Probability
Top10,42.10527509411714,1.0000000000000004
11-25,32.487640041729044,1.0
26-50,18.28616138250102,0.9999999999999998
