State,Expected_Steps_Before_Exit,Exit_Absorption_Probability
Top10,42.804070145053096,1.0000000000000013
11-25,32.80363715089849,1.0000000000000007
26-50,18.421303312405293,1.0000000000000002
