State,Conditional_Stationary_Probability
Top10,0.19057641465610928
11-25,0.31067451009628716
26-50,0.49874907524759765
