State,Expected_Steps_Before_Exit,Exit_Absorption_Probability
Top10,46.73953398577309,1.000000000000001
11-25,35.512199830702315,1.0000000000000007
26-50,19.67462167901749,1.0000000000000004
