State,Expected_Steps_Before_Exit,Exit_Absorption_Probability
Top10,43.98058718946717,1.0000000000000016
11-25,33.66344721541496,1.000000000000001
26-50,18.91884099754938,1.0000000000000002
