State,Conditional_Stationary_Probability
Top10,0.18845504846368172
11-25,0.31079094746637737
26-50,0.5007540040699378
