State,Expected_Steps_Before_Exit,Exit_Absorption_Probability
Top10,42.191715815876925,1.0000000000000009
11-25,32.1266354823402,1.0000000000000004
26-50,17.681513117754733,1.0
