State,Expected_Steps_Before_Exit,Exit_Absorption_Probability
Top10,48.17653371489895,0.9999999999999998
11-25,36.34233589697729,0.9999999999999997
26-50,20.384546592738324,0.9999999999999996
