State,Top10,11-25,26-50,Exit
Top10,0.9285714285714286,0.05714285714285714,0.004761904761904762,0.009523809523809525
11-25,0.03492063492063492,0.8825396825396825,0.07936507936507936,0.0031746031746031746
26-50,0.0,0.04380952380952381,0.8533333333333334,0.10285714285714286
Exit,0.0,0.0,0.0,1.0
