State,Conditional_Stationary_Probability
Top10,0.17267017974446533
11-25,0.3080592979531805
26-50,0.5192705223023417
