State,Top10,11-25,26-50,Exit
Top10,0.9346938775510204,0.05918367346938776,0.0020408163265306124,0.004081632653061225
11-25,0.0380952380952381,0.8775510204081632,0.08299319727891157,0.0013605442176870747
26-50,0.0,0.04816326530612245,0.8685714285714285,0.08326530612244898
Exit,0.0,0.0,0.0,1.0
