State,Top10,11-25,26-50,Exit
Top10,0.9296296296296296,0.05925925925925926,0.003703703703703704,0.007407407407407408
11-25,0.037037037037037035,0.8716049382716049,0.08888888888888889,0.0024691358024691358
26-50,0.0,0.05037037037037037,0.8488888888888889,0.10074074074074074
Exit,0.0,0.0,0.0,1.0
