State,Conditional_Stationary_Probability
Top10,0.18989674747601548
11-25,0.3106782287258858
26-50,0.4994250237981153
