State,Top10,11-25,26-50,Exit
Top10,0.9318181818181818,0.06136363636363636,0.0022727272727272726,0.004545454545454545
11-25,0.03939393939393939,0.8712121212121212,0.08787878787878788,0.0015151515151515152
26-50,0.0,0.05090909090909091,0.8590909090909091,0.09
Exit,0.0,0.0,0.0,1.0
