State,Conditional_Stationary_Probability
Top10,0.19231802361226816
11-25,0.30992702575687714
26-50,0.49775495063084957
