State,Top10,11-25,26-50,Exit
Top10,0.9233333333333333,0.06666666666666667,0.0033333333333333335,0.006666666666666667
11-25,0.042222222222222223,0.8644444444444445,0.09111111111111111,0.0022222222222222222
26-50,0.0,0.052,0.8506666666666667,0.09733333333333333
Exit,0.0,0.0,0.0,1.0
