State,Expected_Steps_Before_Exit,Exit_Absorption_Probability
Top10,51.30730400503403,0.9999999999999992
11-25,38.96366967722829,0.9999999999999993
26-50,21.88730752146875,0.9999999999999997
