State,Expected_Steps_Before_Exit,Exit_Absorption_Probability
Top10,40.76818315665486,0.9999999999999989
11-25,31.98616018845699,0.9999999999999992
26-50,16.470848056537093,0.9999999999999994
