State,Expected_Steps_Before_Exit,Exit_Absorption_Probability
Top10,44.8277627781399,1.0000000000000018
11-25,34.15603761288524,1.000000000000001
26-50,19.26124197002143,1.0000000000000007
