State,Top10,11-25,26-50,Exit
Top10,0.9264705882352942,0.06470588235294118,0.0029411764705882353,0.0058823529411764705
11-25,0.041176470588235294,0.8647058823529412,0.09215686274509804,0.00196078431372549
26-50,0.0,0.052941176470588235,0.8529411764705882,0.09411764705882353
Exit,0.0,0.0,0.0,1.0
