State,Top10,11-25,26-50,Exit
Top10,0.928,0.06,0.004,0.008
11-25,0.037333333333333336,0.8693333333333333,0.09066666666666667,0.0026666666666666666
26-50,0.0,0.0512,0.848,0.1008
Exit,0.0,0.0,0.0,1.0
