State,Top10,11-25,26-50,Exit
Top10,0.9333333333333333,0.05952380952380952,0.002380952380952381,0.004761904761904762
11-25,0.0380952380952381,0.873015873015873,0.0873015873015873,0.0015873015873015873
26-50,0.0,0.05047619047619047,0.8609523809523809,0.08857142857142856
Exit,0.0,0.0,0.0,1.0
