State,Conditional_Stationary_Probability
Top10,0.18645302872814162
11-25,0.3105025799854547
26-50,0.5030443912863864
