State,Conditional_Stationary_Probability
Top10,0.17485072631673404
11-25,0.3078602620087368
26-50,0.5172890116745374
