Model,Target,LogLikelihood,AIC,Parameters
Normal,Delta_R,-3144.4564161871513,6292.9128323743025,"mu=0.1332, sigma=3.1126"
Laplace,Delta_R,-2849.4512577506603,5702.9025155013205,"loc=0.0000, scale=1.8619"
Poisson,|Delta_R|,-2662.98648960979,5327.97297921958,lambda=1.8619
ZeroInflatedPoisson,|Delta_R|,-2498.5690866951404,5001.138173390281,"lambda=2.3225, zero_inflation=0.2170"
