Model,Target,LogLikelihood,AIC,Parameters
Normal,Delta_R,-3036.443714136965,6076.88742827393,"mu=0.1377, sigma=3.1444"
Laplace,Delta_R,-2749.4921277883395,5502.984255576679,"loc=0.0000, scale=1.8758"
Poisson,|Delta_R|,-2580.742860405369,5163.485720810738,lambda=1.8758
ZeroInflatedPoisson,|Delta_R|,-2417.665245430404,4839.330490860808,"lambda=2.3426, zero_inflation=0.2185"
