Model,Target,LogLikelihood,AIC,Parameters
Normal,Delta_R,-5165.121239159842,10334.242478319684,"mu=0.0786, sigma=2.8377"
Laplace,Delta_R,-4716.846886426347,9437.693772852694,"loc=0.0000, scale=1.7421"
Poisson,|Delta_R|,-4229.836214252415,8461.67242850483,lambda=1.7421
ZeroInflatedPoisson,|Delta_R|,-4047.7555363095307,8099.511072619061,"lambda=2.0975, zero_inflation=0.1860"
