Model,Target,LogLikelihood,AIC,Parameters
Normal,Delta_R,-4947.584122380004,9899.168244760009,"mu=0.0828, sigma=2.8574"
Laplace,Delta_R,-4520.812865879998,9045.625731759996,"loc=0.0000, scale=1.7555"
Poisson,|Delta_R|,-4057.3388476427435,8116.677695285487,lambda=1.7555
ZeroInflatedPoisson,|Delta_R|,-3878.4549187618,7760.9098375236,"lambda=2.1135, zero_inflation=0.1866"
