Model,Target,LogLikelihood,AIC,Parameters
Normal,Delta_R,-2525.6488207511957,5055.297641502391,"mu=0.1581, sigma=3.0787"
Laplace,Delta_R,-2298.6130306665846,4601.226061333169,"loc=0.0000, scale=1.8620"
Poisson,|Delta_R|,-2134.783105608508,4271.566211217016,lambda=1.8620
ZeroInflatedPoisson,|Delta_R|,-2006.214804628282,4016.429609256564,"lambda=2.3431, zero_inflation=0.2183"
