Model,Target,LogLikelihood,AIC,Parameters
Normal,Delta_R,-4101.624437553303,8207.248875106607,"mu=0.1138, sigma=3.0576"
Laplace,Delta_R,-3764.97706054708,7533.95412109416,"loc=0.0000, scale=1.8874"
Poisson,|Delta_R|,-3424.793706692273,6851.587413384546,lambda=1.8874
ZeroInflatedPoisson,|Delta_R|,-3258.610555733751,6521.221111467502,"lambda=2.2616, zero_inflation=0.1853"
