Model,Target,LogLikelihood,AIC,Parameters
Normal,Delta_R,-3753.7390360293093,7511.478072058619,"mu=0.1196, sigma=3.0992"
Laplace,Delta_R,-3428.252801470947,6860.505602941894,"loc=0.0000, scale=1.8886"
Poisson,|Delta_R|,-3152.969915842864,6307.939831685728,lambda=1.8886
ZeroInflatedPoisson,|Delta_R|,-2987.7278804131283,5979.455760826257,"lambda=2.2796, zero_inflation=0.1931"
