Model,Target,LogLikelihood,AIC,Parameters
Normal,Delta_R,-2636.9450607570225,5277.890121514045,"mu=0.1527, sigma=3.0470"
Laplace,Delta_R,-2399.265161878736,4802.530323757472,"loc=0.0000, scale=1.8434"
Poisson,|Delta_R|,-2223.3987450531827,4448.797490106365,lambda=1.8434
ZeroInflatedPoisson,|Delta_R|,-2090.525030918285,4185.05006183657,"lambda=2.3261, zero_inflation=0.2200"
