Model,Target,LogLikelihood,AIC,Parameters
Normal,Delta_R,-5747.2485292537895,11498.497058507579,"mu=0.0674, sigma=2.8064"
Laplace,Delta_R,-5258.749832067655,10521.49966413531,"loc=0.0000, scale=1.7322"
Poisson,|Delta_R|,-4704.084559065821,9410.169118131642,lambda=1.7322
ZeroInflatedPoisson,|Delta_R|,-4506.254394157928,9016.508788315856,"lambda=2.0943, zero_inflation=0.1878"
