Model,Target,LogLikelihood,AIC,Parameters
Normal,Delta_R,-3616.626175367832,7237.252350735664,"mu=0.1236, sigma=3.0674"
Laplace,Delta_R,-3306.1803161348225,6616.360632269645,"loc=0.0000, scale=1.8750"
Poisson,|Delta_R|,-3033.7014917025163,6069.4029834050325,lambda=1.8750
ZeroInflatedPoisson,|Delta_R|,-2873.907530510005,5751.81506102001,"lambda=2.2885, zero_inflation=0.1970"
