Model,Target,LogLikelihood,AIC,Parameters
Normal,Delta_R,-2404.3207686171963,4812.641537234393,"mu=0.1672, sigma=3.0812"
Laplace,Delta_R,-2186.630143089202,4377.260286178404,"loc=0.0000, scale=1.8603"
Poisson,|Delta_R|,-2027.7222659720583,4057.4445319441165,lambda=1.8603
ZeroInflatedPoisson,|Delta_R|,-1909.5820097309263,3823.1640194618526,"lambda=2.3193, zero_inflation=0.2117"
