Model,LogLikelihood,AIC,Parameters
Geometric,-181.93592596238094,365.87185192476187,p=0.2446
Exponential,-192.63468289786974,387.2693657957395,scale=4.0875
Weibull,-192.45133428086896,388.9026685617379,"shape=0.9542, scale=3.9822"
