Model,LogLikelihood,AIC,Parameters
Geometric,-194.11832808224108,390.23665616448216,p=0.2312
Exponential,-204.55198779740954,411.1039755948191,scale=4.3253
Weibull,-204.36114742972654,412.7222948594531,"shape=0.9535, scale=4.2141"
