Model,LogLikelihood,AIC,Parameters
Geometric,-249.46758429349632,500.93516858699263,p=0.2103
Exponential,-261.0359599206277,524.0719198412554,scale=4.7549
Weibull,-259.3887274905418,522.7774549810836,"shape=0.8855, scale=4.4086"
