Model,LogLikelihood,AIC,Parameters
Geometric,-155.95407699857225,313.9081539971445,p=0.2687
Exponential,-166.6311020276257,335.2622040552514,scale=3.7222
Weibull,-166.61456720170787,337.22913440341574,"shape=0.9851, scale=3.6927"
