Model,LogLikelihood,AIC,Parameters
Geometric,-225.5087886655454,453.0175773310908,p=0.2291
Exponential,-237.4581819316129,476.9163638632258,scale=4.3646
Weibull,-236.84731299502533,477.69462599005067,"shape=0.9251, scale=4.1723"
