Model,LogLikelihood,AIC,Parameters
Geometric,-195.57820128128427,393.15640256256853,p=0.2333
Exponential,-206.24412753897474,414.4882550779495,scale=4.2857
Weibull,-206.0302104144706,416.0604208289412,"shape=0.9512, scale=4.1695"
