Model,LogLikelihood,AIC,Parameters
Geometric,-146.96018924226345,295.9203784845269,p=0.2771
Exponential,-157.5509010388539,317.1018020777078,scale=3.6087
Weibull,-157.5470866272002,319.0941732544004,"shape=0.9927, scale=3.5947"
