Model,LogLikelihood,AIC,Parameters
Geometric,-107.79137445279056,217.58274890558113,p=0.3198
Exponential,-117.70887103695402,237.41774207390804,scale=3.1273
Weibull,-116.96500252280693,237.93000504561385,"shape=1.1308, scale=3.2934"
