Model,LogLikelihood,AIC,Parameters
Geometric,-170.3723155499129,342.7446310998258,p=0.2517
Exponential,-180.85671945872895,363.7134389174579,scale=3.9737
Weibull,-180.45424647347355,364.9084929469471,"shape=0.9322, scale=3.8141"
