Model,LogLikelihood,AIC,Parameters
Geometric,-110.44283748309715,222.8856749661943,p=0.3257
Exponential,-120.93887824707093,243.87775649414186,scale=3.0702
Weibull,-120.14049335169547,244.28098670339094,"shape=1.1328, scale=3.2360"
