Model,LogLikelihood,AIC,Parameters
Geometric,-219.29836640986898,440.59673281973795,p=0.2222
Exponential,-230.3751205034172,462.7502410068344,scale=4.5000
Weibull,-229.85132917855856,463.7026583571171,"shape=0.9286, scale=4.3136"
