Model,LogLikelihood,AIC,Parameters
Geometric,-113.0670670812817,228.1341341625634,p=0.3315
Exponential,-124.15052027679558,250.30104055359115,scale=3.0169
Weibull,-123.29213923551268,250.58427847102536,"shape=1.1351, scale=3.1828"
