Model,LogLikelihood,AIC,Parameters
Geometric,-273.3125701810076,548.6251403620151,p=0.1826
Exponential,-283.5430175171819,569.0860350343638,scale=5.4762
Weibull,-281.3605942543448,566.7211885086896,"shape=0.8693, scale=5.0220"
