Model,LogLikelihood,AIC,Parameters
Geometric,-175.4485651210682,352.8971302421364,p=0.2500
Exponential,-186.1309601673515,374.261920334703,scale=4.0000
Weibull,-185.86607712383514,375.7321542476703,"shape=0.9450, scale=3.8731"
