Model,LogLikelihood,AIC,Parameters
Geometric,-134.03249388302697,270.06498776605395,p=0.3014
Exponential,-145.16152119414497,292.32304238828993,scale=3.3182
Weibull,-144.95501838950915,293.9100367790183,"shape=1.0583, scale=3.4087"
