Metric,Value
Accuracy,0.972
Precision,0.9134615384615384
Recall,0.95
F1,0.9313725490196079
ROC_AUC,0.9967499999999999
