Metric,Value
Accuracy,0.9666666666666667
Precision,0.9120879120879121
Recall,0.9222222222222223
F1,0.9171270718232044
ROC_AUC,0.9957098765432099
