Feature,Coefficient
Genre_Hindi Indie,1.6376898783883318
Genre_Hindi Film,1.2835876448516623
Total_Appearances,0.26994415155718987
Artist_Past_Appearances,-0.001615898221452271
Genre_Devotional/Spiritual,-0.03558357216264491
Volatility_So_Far,-0.14072409478553832
Days_On_Chart,-0.25028889993810916
Rank_Velocity,-0.402335302483367
Genre_South Indian Film,-0.5058853805424294
Genre_International Pop/K-Pop,-0.5134865094632269
Rank,-0.8953818056393626
Genre_Punjabi-Haryanvi Pop,-1.8650874194688172
