Metric,Value
Accuracy,0.98
Precision,0.9655172413793104
Recall,0.9333333333333333
F1,0.9491525423728814
ROC_AUC,0.9974999999999999
