Metric,Value
Accuracy,0.9783333333333334
Precision,0.9147286821705426
Recall,0.9833333333333333
F1,0.9477911646586346
ROC_AUC,0.9983159722222222
