Feature,Coefficient
Genre_Hindi Indie,1.5706842529039948
Genre_Hindi Film,1.127970218149086
Total_Appearances,0.32028956474112164
Volatility_So_Far,0.004876244732272327
Artist_Past_Appearances,-0.004860965293233501
Genre_Devotional/Spiritual,-0.034829432221042594
Days_On_Chart,-0.29738319120456597
Rank_Velocity,-0.4032285103855731
Genre_South Indian Film,-0.4062182821552243
Genre_International Pop/K-Pop,-0.4740411349922361
Rank,-0.8224112717838877
Genre_Punjabi-Haryanvi Pop,-1.771548830097008
