Metric,Value
Accuracy,0.9727272727272728
Precision,0.905982905982906
Recall,0.9636363636363636
F1,0.933920704845815
ROC_AUC,0.9975619834710744
