Metric,Value
Accuracy,0.9725
Precision,0.9259259259259259
Recall,0.9375
F1,0.9316770186335404
ROC_AUC,0.995859375
