Metric,Value
Accuracy,0.9766666666666667
Precision,0.9491525423728814
Recall,0.9333333333333333
F1,0.9411764705882353
ROC_AUC,0.9969444444444444
