Metric,Value
Accuracy,0.9711111111111111
Precision,0.9230769230769231
Recall,0.9333333333333333
F1,0.9281767955801105
ROC_AUC,0.9962037037037037
