Metric,Value
Accuracy,0.9815384615384616
Precision,0.927536231884058
Recall,0.9846153846153847
F1,0.9552238805970149
ROC_AUC,0.9986538461538461
