Metric,Value
Accuracy,0.9814285714285714
Precision,0.9319727891156463
Recall,0.9785714285714285
F1,0.9547038327526133
ROC_AUC,0.9981760204081633
