Feature,Coefficient
Genre_Hindi Indie,1.6028040542994535
Genre_Hindi Film,1.301963669526115
Total_Appearances,0.37637683394713645
Artist_Past_Appearances,-0.0033568947066312305
Genre_Devotional/Spiritual,-0.028375363305718555
Volatility_So_Far,-0.11782204181565192
Days_On_Chart,-0.3416972703183678
Rank_Velocity,-0.3840789460389652
Genre_International Pop/K-Pop,-0.4574930829492087
Genre_South Indian Film,-0.4775965952406299
Rank,-0.86153902358897
Genre_Punjabi-Haryanvi Pop,-1.804685864906616
