Metric,Value
Accuracy,0.97
Precision,0.9047619047619048
Recall,0.95
F1,0.926829268292683
ROC_AUC,0.9965999999999999
