Metric,Value
Accuracy,0.9714285714285714
Precision,0.9285714285714286
Recall,0.9285714285714286
F1,0.9285714285714286
ROC_AUC,0.9956632653061225
