Metric,Value
Accuracy,0.9688888888888889
Precision,0.9042553191489362
Recall,0.9444444444444444
F1,0.9239130434782609
ROC_AUC,0.9961728395061729
