Feature,Coefficient
Genre_Hindi Indie,1.6214690484138887
Genre_Hindi Film,1.239773181797225
Total_Appearances,0.37116385311004035
Artist_Past_Appearances,-0.003096518837903776
Genre_Devotional/Spiritual,-0.029980458171939887
Volatility_So_Far,-0.12013779168219454
Days_On_Chart,-0.3381156107768271
Rank_Velocity,-0.3921673835957662
Genre_International Pop/K-Pop,-0.4741348052932613
Genre_South Indian Film,-0.5643999799776286
Rank,-0.853587213738505
Genre_Punjabi-Haryanvi Pop,-1.8156215498876627
