Metric,Value
Accuracy,0.9742857142857143
Precision,0.9420289855072463
Recall,0.9285714285714286
F1,0.935251798561151
ROC_AUC,0.9974489795918366
