Metric,Value
Accuracy,0.9833333333333333
Precision,0.9661016949152542
Recall,0.95
F1,0.957983193277311
ROC_AUC,0.9986805555555556
